{
  "name": "burn",
  "title": "jQuery Burn",
  "description": "jQuery plugin to apply flame effect to text.",
  "keywords": [
    "text",
    "effect",
    "color",
    "animation"
  ],
  "version": "0.3.2",
  "author": {
    "name": "Kevin Attfield",
    "email": "kevin.attfield@gmail.com",
    "url": "https://github.com/Sinetheta"
  },
  "licenses": [
    {
      "type": "GPLv2",
      "url": "http://opensource.org/licenses/GPL-2.0"
    },
    {
      "type": "MIT",
      "url": "http://opensource.org/licenses/MIT"
    }
  ],
  "bugs": "https://github.com/Sinetheta/burn/issues",
  "homepage": "http://sinetheta.github.com/burn/",
  "docs": "https://github.com/Sinetheta/burn",
  "dependencies": {
    "jquery": ">=1.8"
  }
}